<?xml version="1.0" encoding="UTF-8"?>
<!-- Ooops, can't quite accept everything. -->
<!DOCTYPE cXML SYSTEM "http://xml.cXML.org/schemas/cXML/1.2.038/Fulfill.dtd">
<cXML payloadID="9233444-2001@premier.workchairs.com"
      xml:lang="en-CA" timestamp="2000-10-13T10:39:29-08:00">
    <Header>
        <From>
            <Credential domain="DUNS">
                <Identity>942888711</Identity>
            </Credential>
        </From>
        <To>
            <!-- The buying marketplace and member organization. -->
            <Credential domain="AribaNetworkUserId" type="marketplace">
                <Identity>bigadmin@marketplace.org</Identity>
            </Credential>
            <Credential domain="AribaNetworkUserId">
                <Identity>admin@acme.com</Identity>
            </Credential>
        </To>
        <Sender>
            <!-- The supplier -->
            <Credential domain="DUNS">
                <Identity>942888711</Identity>
                <SharedSecret>coyote</SharedSecret>
            </Credential>
            <UserAgent>Workchairs Order Entry</UserAgent>
        </Sender>
    </Header>
    <Request deploymentMode="test">
      <ConfirmationRequest>
        <!--
            Without the confirmID, it remains possible to update the
            original confirmation.  This update refers (in the
            OrderReference element) to the same OrderRequest document,
            describes the status of the same items and refers to the
            original confirmation document in the DocumentReference
            element.  However, the confirmID makes the update much more
            explicit.

            Note: The noticeDate changes to match the time of the update
            and not the original confirmation time.
        -->
        <ConfirmationHeader type="except" noticeDate="2000-10-13T23:59:20-08:00"
                            confirmID="C999-234" operation="update"
                            invoiceID="I1102-10-13">
           <DocumentReference
               payloadID="1233444-2001@premier.workchairs.com" />
           <Total>
             <Money currency="USD">190.60</Money>
           </Total>
           <Shipping>
             <Money currency="USD">2.5</Money>
             <Description xml:lang="en-CA">FedEx 2-day</Description>
           </Shipping>
           <Tax>
             <Money currency="USD">0.19</Money>
             <Description xml:lang="en-CA">CA Sales Tax</Description>
           </Tax>
           <Contact role="shipFrom">
             <Name xml:lang="en-CA">Workchairs, Vancouver</Name>
             <PostalAddress>
               <Street>432 Lake Drive</Street>
               <City>Vancouver</City>
               <State>BC</State>
               <PostalCode>B3C 2G4</PostalCode>
               <Country isoCountryCode="CA">Canada</Country>
             </PostalAddress>
             <Phone>
               <TelephoneNumber>
                 <CountryCode isoCountryCode="CA">1</CountryCode>
                 <AreaOrCityCode>201</AreaOrCityCode>
                 <Number>921-1132</Number>
               </TelephoneNumber>
             </Phone>
           </Contact>
           <Comments xml:lang="en-CA">Look's great, but for the price.
           </Comments>
        </ConfirmationHeader>
        <!-- The orderID and orderDate attributes are not required in the
             OrderReference element. -->
        <OrderReference orderID="DO1234">
          <DocumentReference payloadID="32232995@ariba.acme.com" />
        </OrderReference>
        <ConfirmationItem lineNumber="1" quantity="10">
          <UnitOfMeasure>EA</UnitOfMeasure>
          <ConfirmationStatus quantity="10" type="detail"
                              shipmentDate="2000-10-14T18:41:29-08:00"
                              deliveryDate="2000-10-19T18:41:29-08:00">
            <UnitOfMeasure>EA</UnitOfMeasure>
            <UnitPrice>
              <Money currency="USD">1.64</Money>
            </UnitPrice>
            <Comments xml:lang="en-CA">Very sorry.  There's been a slight
(30 cents) price increase for that colour and it will be one day
late.</Comments>
          </ConfirmationStatus>
        </ConfirmationItem>
      </ConfirmationRequest>
    </Request>
</cXML>
